行号,日期,文本 3,订阅数量,今日增加,昨日订阅,行号-1,备注
292,2.0260828e+07,,4950,10,4940.0,291,
291,2.0260827e+07,,4940,20,4920.0,290,
290,2.0260826e+07,,4920,10,4910.0,289,
289,2.0260825e+07,,4910,30,4880.0,288,
288,2.0260824e+07,,4880,20,4860.0,287,
287,2.0260823e+07,,4860,20,4840.0,286,
286,2.0260822e+07,,4840,20,4820.0,285,
285,2.0260821e+07,,4820,20,4800.0,284,
284,2.026082e+07,,4800,10,4790.0,283,
283,2.0260819e+07,,4790,30,4760.0,282,
282,2.0260818e+07,,4760,20,4740.0,281,
281,2.0260817e+07,,4740,30,4710.0,280,
280,2.0260816e+07,,4710,10,4700.0,279,
279,2.0260815e+07,,4700,30,4670.0,278,
278,2.0260814e+07,,4670,30,4640.0,277,
277,2.0260813e+07,,4640,30,4610.0,276,
276,2.0260812e+07,,4610,20,4590.0,275,
275,2.0260811e+07,,4590,10,4580.0,274,
274,2.026081e+07,,4580,10,4570.0,273,
273,2.0260809e+07,,4570,10,4560.0,272,
272,2.0260808e+07,,4560,20,4540.0,271,
271,2.0260807e+07,,4540,20,4520.0,270,
270,2.0260806e+07,,4520,0,4520.0,269,
269,2.0260805e+07,,4520,20,4500.0,268,
268,2.0260804e+07,,4500,20,4480.0,267,
267,2.0260803e+07,,4480,20,4460.0,266,
266,2.0260802e+07,,4460,20,4440.0,265,
265,2.0260801e+07,,4440,20,4420.0,264,
264,2.0260731e+07,,4420,10,4410.0,263,
263,2.026073e+07,,4410,30,4380.0,262,
262,2.0260729e+07,,4380,0,4380.0,261,
261,2.0260728e+07,,4380,20,4360.0,260,
260,2.0260727e+07,,4360,0,4360.0,259,
259,2.0260726e+07,,4360,10,4350.0,258,
258,2.0260725e+07,,4350,20,4330.0,257,
257,2.0260724e+07,,4330,20,4310.0,256,
256,2.0260723e+07,,4310,20,4290.0,255,
255,2.0260722e+07,,4290,20,4270.0,254,
254,2.0260721e+07,,4270,10,4260.0,253,
253,2.026072e+07,,4260,30,4230.0,252,
252,2.0260719e+07,,4230,30,4200.0,251,
251,2.0260718e+07,,4200,20,4180.0,250,
250,2.0260717e+07,,4180,20,4160.0,249,
249,2.0260716e+07,,4160,10,4150.0,248,
248,2.0260715e+07,,4150,20,4130.0,247,
247,2.0260714e+07,,4130,30,4100.0,246,
246,2.0260713e+07,,4100,10,4090.0,245,
245,2.0260712e+07,,4090,10,4080.0,244,
244,2.0260711e+07,,4080,10,4070.0,243,
243,2.026071e+07,,4070,10,4060.0,242,
242,2.0260709e+07,,4060,10,4050.0,241,
241,2.0260708e+07,,4050,0,4050.0,240,
240,2.0260707e+07,,4050,10,4040.0,239,
239,2.0260706e+07,,4040,20,4020.0,238,
238,2.0260705e+07,,4020,20,4000.0,237,
237,2.0260704e+07,,4000,10,3990.0,236,
236,2.0260703e+07,,3990,10,3980.0,235,
235,2.0260702e+07,,3980,40,3940.0,234,
234,2.0260701e+07,,3940,30,3910.0,233,
233,2.026063e+07,,3910,0,3910.0,232,
232,2.0260629e+07,,3910,30,3880.0,231,
231,2.0260628e+07,,3880,10,3870.0,230,
230,2.0260627e+07,,3870,30,3840.0,229,
229,2.0260626e+07,,3840,30,3810.0,228,
228,2.0260625e+07,,3810,10,3800.0,227,
227,2.0260624e+07,,3800,40,3760.0,226,
226,2.0260623e+07,,3760,30,3730.0,225,
225,2.0260622e+07,,3730,40,3690.0,224,Youtube固定香港节点
224,2.0260621e+07,,3690,10,3680.0,223,
223,2.026062e+07,,3680,10,3670.0,222,
222,2.0260619e+07,,3670,10,3660.0,221,
221,2.0260618e+07,,3660,40,3620.0,220,
220,2.0260617e+07,,3620,10,3610.0,219,
219,2.0260616e+07,,3610,20,3590.0,218,
218,2.0260615e+07,,3590,30,3560.0,217,
217,2.0260614e+07,,3560,30,3530.0,216,
216,2.0260613e+07,,3530,30,3500.0,215,
215,2.0260612e+07,,3500,30,3470.0,214,
214,2.0260611e+07,,3470,20,3450.0,213,
213,2.026061e+07,,3450,20,3430.0,212,
212,2.0260609e+07,,3430,20,3410.0,211,
211,2.0260608e+07,,3410,10,3400.0,210,
210,2.0260607e+07,,3400,10,3390.0,209,
209,2.0260606e+07,,3390,20,3370.0,208,
208,2.0260605e+07,,3370,30,3340.0,207,
207,2.0260604e+07,,3340,30,3310.0,206,
206,2.0260603e+07,,3310,40,3270.0,205,
205,2.0260602e+07,,3270,20,3250.0,204,
204,2.0260601e+07,,3250,30,3220.0,203,
203,2.0260531e+07,,3220,30,3190.0,202,
202,2.026053e+07,,3190,20,3170.0,201,
201,2.0260529e+07,,3170,20,3150.0,200,
200,2.0260528e+07,,3150,20,3130.0,199,
199,2.0260527e+07,,3130,30,3100.0,198,
198,2.0260526e+07,,3100,20,3080.0,197,
197,2.0260525e+07,,3080,20,3060.0,196,
196,2.0260524e+07,,3060,30,3030.0,195,
195,2.0260523e+07,,3030,10,3020.0,194,
194,2.0260522e+07,,3020,40,2980.0,193,
193,2.0260521e+07,,2980,10,2970.0,192,
192,2.026052e+07,,2970,20,2950.0,191,
191,2.0260519e+07,,2950,30,2920.0,190,
190,2.0260518e+07,,2920,10,2910.0,189,
189,2.0260517e+07,,2910,20,2890.0,188,
188,2.0260516e+07,,2890,10,2880.0,187,
187,2.0260515e+07,,2880,30,2850.0,186,
186,2.0260514e+07,,2850,20,2830.0,185,
185,2.0260513e+07,,2830,20,2810.0,184,
184,2.0260512e+07,,2810,30,2780.0,183,
183,2.0260511e+07,,2780,10,2770.0,182,
182,2.026051e+07,,2770,40,2730.0,181,
181,2.0260509e+07,,2730,40,2690.0,180,
180,2.0260508e+07,,2690,50,2640.0,179,
179,2.0260507e+07,,2640,40,2600.0,178,
178,2.0260506e+07,,2600,50,2550.0,177,
177,2.0260505e+07,,2550,30,2520.0,176,
176,2.0260504e+07,,2520,40,2480.0,175,
175,2.0260503e+07,,2480,-30,2510.0,174,
174,2.0260502e+07,,2510,50,2460.0,173,
173,2.0260501e+07,,2460,70,2390.0,172,VPS手机搭建
172,2.026043e+07,,2390,60,2330.0,171,
171,2.0260429e+07,,2330,80,2250.0,170,
170,2.0260428e+07,,2250,20,2230.0,169,
169,2.0260427e+07,,2230,10,2220.0,168,
168,2.0260426e+07,,2220,50,2170.0,167,
167,2.0260425e+07,,2170,40,2130.0,166,
166,2.0260424e+07,,2130,40,2090.0,165,发布服务器搭建
165,2.0260423e+07,,2090,10,2080.0,164,
164,2.0260422e+07,,2080,30,2050.0,163,
163,2.0260421e+07,,2050,30,2020.0,162,
162,2.026042e+07,,2020,30,1990.0,161,
161,2.0260419e+07,,1990,20,1970.0,160,
160,2.0260418e+07,,1970,20,1950.0,159,
159,2.0260417e+07,,1950,10,1940.0,158,
158,2.0260416e+07,,1940,30,1910.0,157,
157,2.0260415e+07,,1910,30,1880.0,156,
156,2.0260414e+07,,1880,20,1860.0,155,
155,2.0260413e+07,,1860,10,1850.0,154,
154,2.0260412e+07,,1850,20,1830.0,153,
153,2.0260411e+07,,1830,40,1790.0,152,
152,2.026041e+07,,1790,30,1760.0,151,
151,2.0260409e+07,,1760,30,1730.0,150,
150,2.0260408e+07,,1730,30,1700.0,149,
149,2.0260407e+07,,1700,10,1690.0,148,
148,2.0260406e+07,,1690,30,1660.0,147,
147,2.0260405e+07,,1660,20,1640.0,146,
146,2.0260404e+07,,1640,30,1610.0,145,发布视频：openclaw全指南
145,2.0260403e+07,,1610,20,1590.0,144,
144,2.0260402e+07,,1590,20,1570.0,143,
143,2.0260401e+07,,1570,30,1540.0,142,
142,2.0260331e+07,,1540,20,1520.0,141,
141,2.026033e+07,,1520,10,1510.0,140,
140,2.0260329e+07,,1510,20,1490.0,139,
139,2.0260328e+07,,1490,30,1460.0,138,
138,2.0260327e+07,,1460,20,1440.0,137,
137,2.0260326e+07,,1440,20,1420.0,136,
136,2.0260325e+07,,1420,20,1400.0,135,
135,2.0260324e+07,,1400,10,1390.0,134,发布视频，pixel答疑
134,2.0260323e+07,,1390,20,1370.0,133,
133,2.0260322e+07,,1370,20,1350.0,132,
132,2.0260321e+07,,1350,30,1320.0,131,
131,2.026032e+07,,1320,20,1300.0,130,
130,2.0260319e+07,,1300,60,1240.0,129,
129,2.0260318e+07,,1240,20,1220.0,128,
128,2.0260317e+07,,1220,20,1200.0,127,
127,2.0260316e+07,,1200,30,1170.0,126,
126,2.0260315e+07,,1170,30,1140.0,125,
125,2.0260314e+07,,1140,30,1110.0,124,
124,2.0260313e+07,,1110,30,1080.0,123,
123,2.0260312e+07,,1080,30,1050.0,122,
122,2.0260311e+07,,1050,20,1030.0,121,
121,2.026031e+07,,1030,20,1010.0,120,
120,2.0260309e+07,,1010,27,983.0,119,
119,2.0260308e+07,,983,29,954.0,118,
118,2.0260307e+07,,954,27,927.0,117,
117,2.0260306e+07,,927,37,890.0,116,
116,2.0260305e+07,,890,21,869.0,115,
115,2.0260304e+07,,869,8,861.0,114,
114,2.0260303e+07,,861,5,856.0,113,
113,2.0260302e+07,,856,21,835.0,112,
112,2.0260301e+07,,835,10,825.0,111,
111,2.0260228e+07,,825,14,811.0,110,
110,2.0260227e+07,,811,7,804.0,109,
109,2.0260226e+07,,804,8,796.0,108,
108,2.0260225e+07,,796,12,784.0,107,
107,2.0260224e+07,,784,11,773.0,106,
106,2.0260223e+07,,773,15,758.0,105,
105,2.0260222e+07,,758,11,747.0,104,
104,2.0260221e+07,,747,-1,748.0,103,
103,2.026022e+07,,748,10,738.0,102,
102,2.0260219e+07,,738,10,728.0,101,
101,2.0260218e+07,,728,13,715.0,100,
100,2.0260217e+07,,715,1,714.0,99,
99,2.0260216e+07,,714,0,714.0,98,
98,2.0260215e+07,,714,29,685.0,97,
97,2.0260214e+07,,685,8,677.0,96,
96,2.0260213e+07,,677,7,670.0,95,
95,2.0260212e+07,,670,14,656.0,94,
94,2.0260211e+07,,656,7,649.0,93,
93,2.026021e+07,,649,7,642.0,92,
92,2.0260209e+07,,642,12,630.0,91,
91,2.0260208e+07,,630,9,621.0,90,
90,2.0260207e+07,,621,11,610.0,89,
89,2.0260206e+07,,610,7,603.0,88,
88,2.0260205e+07,,603,12,591.0,87,
87,2.0260204e+07,,591,7,584.0,86,
86,2.0260203e+07,,584,4,580.0,85,
85,2.0260202e+07,,580,18,562.0,84,
84,2.0260201e+07,,562,15,547.0,83,
83,2.0260131e+07,,547,10,537.0,82,
82,2.026013e+07,,537,17,520.0,81,
81,2.0260129e+07,,520,13,507.0,80,
80,2.0260128e+07,,507,2,505.0,79,
79,2.0260127e+07,,505,12,493.0,78,
78,2.0260126e+07,,493,12,481.0,77,
77,2.0260125e+07,,481,16,465.0,76,
76,2.0260124e+07,,465,20,445.0,75,
75,2.0260123e+07,,445,15,430.0,74,
74,2.0260122e+07,,430,8,422.0,73,
73,2.0260121e+07,,422,15,407.0,72,
72,2.026012e+07,,407,10,397.0,71,
71,2.0260119e+07,,397,5,392.0,70,
70,2.0260118e+07,,392,6,386.0,69,
69,2.0260117e+07,,386,8,378.0,68,
68,2.0260116e+07,,378,5,373.0,67,
67,2.0260115e+07,,373,5,368.0,66,
66,2.0260114e+07,,368,8,360.0,65,
65,2.0260113e+07,,360,13,347.0,64,
64,2.0260112e+07,,347,17,330.0,63,
63,2.0260111e+07,,330,9,321.0,62,
62,2.026011e+07,,321,13,308.0,61,
61,2.0260109e+07,,308,21,287.0,60,
60,2.0260108e+07,,287,11,276.0,59,
59,2.0260107e+07,,276,8,268.0,58,
58,2.0260106e+07,,268,10,258.0,57,
57,2.0260105e+07,,258,4,254.0,56,
56,2.0260104e+07,,254,8,246.0,55,
55,2.0260103e+07,,246,15,231.0,54,
54,2.0260102e+07,,231,8,223.0,53,
53,2.0260101e+07,,223,0,223.0,52,
52,2.0251231e+07,,223,1,222.0,51,
51,2.025123e+07,,222,9,213.0,50,
50,2.0251229e+07,,213,9,204.0,49,
49,2.0251228e+07,,204,9,195.0,48,
48,2.0251227e+07,,195,9,186.0,47,
47,2.0251226e+07,,186,9,177.0,46,
46,2.0251225e+07,,177,9,168.0,45,
45,2.0251224e+07,,168,9,159.0,44,
44,2.0251223e+07,,159,9,150.0,43,
43,2.0251222e+07,,150,9,141.0,42,
42,2.0251221e+07,,141,9,132.0,41,
41,2.025122e+07,,132,9,123.0,40,
40,2.0251219e+07,,123,9,114.0,39,
39,2.0251218e+07,,114,9,105.0,38,
38,2.0251217e+07,,105,9,96.0,37,
37,2.0251216e+07,,96,9,87.0,36,
36,2.0251215e+07,,87,9,78.0,35,
35,2.0251214e+07,,78,9,69.0,34,
34,2.0251213e+07,,69,9,60.0,33,
33,2.0251212e+07,,60,9,51.0,32,
32,2.0251211e+07,,51,9,42.0,31,
31,2.025121e+07,,42,9,33.0,30,
30,2.0251209e+07,,33,9,24.0,29,
29,2.0251208e+07,,24,3,21.0,28,
28,2.0251207e+07,,21,1,20.0,27,
27,2.0251206e+07,,20,1,19.0,26,
26,2.0251205e+07,,19,1,18.0,25,
25,2.0251204e+07,,18,1,17.0,24,
24,2.0251203e+07,,17,1,16.0,23,
23,2.0251202e+07,,16,1,15.0,22,
22,2.0251201e+07,,15,1,14.0,21,
21,2.025113e+07,,14,1,13.0,20,
20,2.0251129e+07,,13,1,12.0,19,
19,2.0251128e+07,,12,1,11.0,18,
18,2.0251127e+07,,11,1,10.0,17,
17,2.0251126e+07,,10,1,9.0,16,
16,2.0251125e+07,,9,0,9.0,15,
15,2.0251124e+07,,9,1,8.0,14,
14,2.0251123e+07,,8,0,8.0,13,
13,2.0251122e+07,,8,1,7.0,12,开始数据
12,2.0251121e+07,,7,0,7.0,11,
11,2.025112e+07,,7,1,6.0,10,
10,2.0251119e+07,,6,0,6.0,9,
9,2.0251118e+07,,6,1,5.0,8,
8,2.0251117e+07,,5,0,5.0,7,
7,2.0251116e+07,,5,1,4.0,6,
6,2.0251115e+07,,4,0,4.0,5,
5,2.0251114e+07,,4,1,3.0,4,
4,2.0251113e+07,,3,1,2.0,3,
3,2.0251112e+07,,2,1,1.0,2,
2,2.0251111e+07,,1,1,0.0,1,
1,2.025111e+07,,0,0,,0,
